[
  {
    "component": "Introduction",
    "category": "Getting Started",
    "link": "./index.html"
  },
  {
    "component": "Gulp",
    "category": "Getting Started",
    "link": "./gulp.html"
  },
  {
    "component": "Customization",
    "category": "Getting Started",
    "link": "./customization.html"
  },
  {
    "component": "Credits",
    "category": "Getting Started",
    "link": "./credits.html"
  },
  {
    "component": "Changelog",
    "category": "Getting Started",
    "link": "./changelog.html"
  },
  {
    "component": "RTL",
    "category": "Getting Started",
    "link": "./rtl.html"
  },
  {
    "component": "Typography",
    "category": "Content",
    "link": "./typography.html"
  },
  {
    "component": "Figma",
    "category": "Design",
    "link": "./figma.html"
  },
  {
    "component": "Gutters",
    "category": "Content",
    "link": "./gutters.html"
  },
  {
    "component": "Bootstrap Icons",
    "category": "Content",
    "link": "./bootstrap-icons.html"
  },
  {
    "component": "Duotone Icons",
    "category": "Content",
    "link": "./duotone-icons.html"
  },
  {
    "component": "Illustrations",
    "category": "Content",
    "link": "./illustrations.html"
  },
  {
    "component": "Accordion",
    "category": "Components",
    "link": "./accordion.html"
  },
  {
    "component": "Alerts",
    "category": "Components",
    "link": "./alerts.html"
  },
  {
    "component": "Avatars",
    "category": "Components",
    "link": "./avatars.html"
  },
  {
    "component": "Badge",
    "category": "Components",
    "link": "./badge.html"
  },
  {
    "component": "Banners",
    "category": "Components",
    "link": "./banners.html"
  },
  {
    "component": "Breadcrumb",
    "category": "Components",
    "link": "./breadcrumb.html"
  },
  {
    "component": "Buttons",
    "category": "Components",
    "link": "./buttons.html"
  },
  {
    "component": "Cards",
    "category": "Components",
    "link": "./cards.html"
  },
  {
    "component": "Collapse",
    "category": "Components",
    "link": "./collapse.html"
  },
  {
    "component": "Column divider",
    "category": "Components",
    "link": "./column-divider.html"
  },
  {
    "component": "Devices",
    "category": "Components",
    "link": "./devices.html"
  },
  {
    "component": "Divider",
    "category": "Components",
    "link": "./divider.html"
  },
  {
    "component": "Dropdowns",
    "category": "Components",
    "link": "./dropdowns.html"
  },
  {
    "component": "List Group",
    "category": "Components",
    "link": "./list-group.html"
  },
  {
    "component": "Lists",
    "category": "Components",
    "link": "./lists.html"
  },
  {
    "component": "Modal",
    "category": "Components",
    "link": "./modal.html"
  },
  {
    "component": "Offcanvas",
    "category": "Components",
    "link": "./offcanvas.html"
  },
  {
    "component": "Pagination",
    "category": "Components",
    "link": "./pagination.html"
  },
  {
    "component": "Popovers",
    "category": "Components",
    "link": "./popovers.html"
  },
  {
    "component": "Progress",
    "category": "Components",
    "link": "./progress.html"
  },
  {
    "component": "Shapes",
    "category": "Components",
    "link": "./shapes.html"
  },
  {
    "component": "Spinners",
    "category": "Components",
    "link": "./spinners.html"
  },
  {
    "component": "Steps",
    "category": "Components",
    "link": "./steps.html"
  },
  {
    "component": "Tab",
    "category": "Components",
    "link": "./tab.html"
  },
  {
    "component": "Tables",
    "category": "Components",
    "link": "./tables.html"
  },
  {
    "component": "Toasts",
    "category": "Components",
    "link": "./toasts.html"
  },
  {
    "component": "Tooltips",
    "category": "Components",
    "link": "./tooltips.html"
  },
  {
    "component": "Navbar",
    "category": "Navbars",
    "link": "./navbar.html"
  },
  {
    "component": "Navs",
    "category": "Navbars",
    "link": "./navs.html"
  },
  {
    "component": "Mega Menu",
    "category": "Navbars",
    "link": "./mega-menu.html"
  },
  {
    "component": "Scrollspy",
    "category": "Navbars",
    "link": "./scrollspy.html"
  },
  {
    "component": "Basic forms",
    "category": "Basic forms",
    "link": "./basic-forms.html"
  },
  {
    "component": "Checks and switches",
    "category": "Basic forms",
    "link": "./checks-and-switches.html"
  },
  {
    "component": "Input group",
    "category": "Basic forms",
    "link": "./input-group.html"
  },
  {
    "component": "Backgrounds",
    "category": "Utilities",
    "link": "./backgrounds.html"
  },
  {
    "component": "Borders",
    "category": "Utilities",
    "link": "./borders.html"
  },
  {
    "component": "Colors",
    "category": "Utilities",
    "link": "./colors.html"
  },
  {
    "component": "Lines",
    "category": "Utilities",
    "link": "./lines.html"
  },
  {
    "component": "Colored links",
    "category": "Utilities",
    "link": "./links.html"
  },
  {
    "component": "Links",
    "category": "Utilities",
    "link": "./links.html"
  },
  {
    "component": "Position",
    "category": "Utilities",
    "link": "./position.html"
  },
  {
    "component": "Rotations",
    "category": "Utilities",
    "link": "./rotations.html"
  },
  {
    "component": "Shadows",
    "category": "Utilities",
    "link": "./shadows.html"
  },
  {
    "component": "Sizing",
    "category": "Utilities",
    "link": "./sizing.html"
  },
  {
    "component": "Spacing",
    "category": "Utilities",
    "link": "./spacing.html"
  },
  {
    "component": "Z-index",
    "category": "Utilities",
    "link": "./z-index.html"
  },
  {
    "component": "Fullscreen Lightbox",
    "category": "Media",
    "link": "./fslightbox.html"
  },
  {
    "component": "Swiper",
    "category": "Media",
    "link": "./swiper.html"
  },
  {
    "component": "Sticky block",
    "category": "Others",
    "link": "./sticky-block.html"
  },
  {
    "component": "Countdown",
    "category": "Others",
    "link": "./countdown.html"
  },
  {
    "component": "Go To",
    "category": "Others",
    "link": "./go-to.html"
  },
  {
    "component": "Shuffle.js",
    "category": "Others",
    "link": "./sorting.html"
  },
  {
    "component": "Show Animation",
    "category": "Others",
    "link": "./show-animation.html"
  },
  {
    "component": "Typedjs",
    "category": "Others",
    "link": "./typedjs.html"
  }
]
