[
  {
    "component": "Introduction",
    "category": "Getting Started",
    "link": "./index.html"
  },
  {
    "component": "Navbar",
    "category": "Navbar / Hero Sections",
    "link": "./navbar-default.html"
  },
  {
    "component": "Bootstrap only Dropdowns",
    "category": "Navbar / Hero Sections",
    "link": "./navbar-bs-only-dropdowns.html"
  },
  {
    "component": "Transparent",
    "category": "Navbar / Hero Sections",
    "link": "./navbar-transparent.html"
  },
  {
    "component": "Navbar Light",
    "category": "Navbar / Hero Sections",
    "link": "./navbar-light.html"
  },
  {
    "component": "Navbar Absolute Top",
    "category": "Navbar / Hero Sections",
    "link": "./navbar-absolute-top.html"
  },
  {
    "component": "Navbar Absolute Top Slide",
    "category": "Navbar / Hero Sections",
    "link": "./navbar-absolute-top-slide.html"
  },
  {
    "component": "Navbar Absolute Top Light",
    "category": "Navbar / Hero Sections",
    "link": "./navbar-absolute-top-light.html"
  },
  {
    "component": "Navbar Absolute Top Light Slide",
    "category": "Navbar / Hero Sections",
    "link": "./navbar-absolute-top-light-slide.html"
  },
  {
    "component": "Navbar Sticky Top",
    "category": "Navbar / Hero Sections",
    "link": "./navbar-sticky-top.html"
  },
  {
    "component": "Navbar Sticky Top Slide",
    "category": "Navbar / Hero Sections",
    "link": "./navbar-sticky-top-slide.html"
  },
  {
    "component": "Navbar Sticky Top Light",
    "category": "Navbar / Hero Sections",
    "link": "./navbar-sticky-top-light.html"
  },
  {
    "component": "Navbar Sticky Top Light Slide",
    "category": "Navbar / Hero Sections",
    "link": "./navbar-sticky-top-light-slide.html"
  },
  {
    "component": "Hero Sections",
    "category": "Navbar / Hero Sections",
    "link": "./hero-sections.html"
  },
  {
    "component": "Features - General",
    "category": "Content",
    "link": "./features-general.html"
  },
  {
    "component": "Features - Stats",
    "category": "Content",
    "link": "./features-stats.html"
  },
  {
    "component": "Features - Step",
    "category": "Content",
    "link": "./features-step.html"
  },
  {
    "component": "Features - Navs",
    "category": "Content",
    "link": "./features-navs.html"
  },
  {
    "component": "Icon Blocks",
    "category": "Content",
    "link": "./icon-blocks.html"
  },
  {
    "component": "Cards Grid",
    "category": "Content",
    "link": "./cards-grid.html"
  },
  {
    "component": "Blogs - Grid",
    "category": "Content",
    "link": "./blogs-grid.html"
  },
  {
    "component": "Blogs - List",
    "category": "Content",
    "link": "./blogs-list.html"
  },
  {
    "component": "Pricing",
    "category": "Content",
    "link": "./pricing.html"
  },
  {
    "component": "Team Sections",
    "category": "Content",
    "link": "./team-sections.html"
  },
  {
    "component": "Call-to-Action (CTA)",
    "category": "Content",
    "link": "./cta.html"
  },
  {
    "component": "Modals",
    "category": "Content",
    "link": "./modals.html"
  },
  {
    "component": "Portfolio",
    "category": "Content",
    "link": "./portfolio.html"
  },
  {
    "component": "Gallery",
    "category": "Content",
    "link": "./gallery.html"
  },
  {
    "component": "Clients",
    "category": "Content",
    "link": "./clients.html"
  },
  {
    "component": "FAQ",
    "category": "Content",
    "link": "./faq.html"
  },
  {
    "component": "Lists",
    "category": "Content",
    "link": "./lists.html"
  },
  {
    "component": "Comments",
    "category": "Content",
    "link": "./comments.html"
  },
  {
    "component": "User Profile",
    "category": "Content",
    "link": "./user-profile.html"
  },
  {
    "component": "Sidebar Examples",
    "category": "Content",
    "link": "./sidebar-examples.html"
  },
  {
    "component": "Content Sections",
    "category": "Content",
    "link": "./content-sections.html"
  },
  {
    "component": "Form Layouts - Authentication",
    "category": "Content",
    "link": "./form-layouts-authentication.html"
  },
  {
    "component": "Form Layouts - Feedback",
    "category": "Content",
    "link": "./form-layouts-feedback.html"
  },
  {
    "component": "Form Layouts - Filters",
    "category": "Content",
    "link": "./form-layouts-filters.html"
  },
  {
    "component": "Form Layouts - Search",
    "category": "Content",
    "link": "./form-layouts-search.html"
  },
  {
    "component": "Form Layouts - Directory",
    "category": "Content",
    "link": "./form-layouts-directory.html"
  },
  {
    "component": "Form Layouts - Subscribe",
    "category": "Content",
    "link": "./form-layouts-subscribe.html"
  },
  {
    "component": "Contact",
    "category": "Contact Sections / Footer",
    "link": "./contact-sections.html"
  },
  {
    "component": "Footer",
    "category": "Contact Sections / Footer",
    "link": "./footer.html"
  }
]
